reported_on,company,date,headline,url
2026-09-29,Eli Lilly,2026-09-28,Eli Lilly drafts in new site head for Kinsale campus (Business Post),https://news.google.com/rss/articles/CBMilgFBVV95cUxNSXNvRU5KNnl5cVVoSFp6ejE5TkNiRW1wR21wX0VBRHpHOFczTHJBY2NVYWh2LXJEbm5xVE1HREhWZVNYRl9yYzdNVGR1ZTNUNk5zSDhFZjhvdklWMHF4MlZtYXpyTkZLS0Y3b0JkSDhnV3E5SUFSSkxUMUg1WFFubnZRMExreU55S0d3NlZwb0E2ZHgyTUE?oc=5
2026-09-29,GSK,2026-09-25,"GSK opens 2027 UK, US and Singapore graduate programmes (rolling review)",https://gsk.wd5.myworkdayjobs.com/GSKCareers
2026-09-29,Syngenta Biologicals,2026-09-22,"Syngenta unveils EXORT microRNA-based biologicals platform, first launch planned for Latin America in 2027",https://www.agnavigator.com/Article/2026/09/22/syngenta-claims-first-new-mode-of-action-in-biologicals-in-20-years-with-microrna-breakthrough/
2026-09-29,NoPalm Ingredients,2026-09-22,"NoPalm reports 120,000 L industrial fermentation campaigns, FrieslandCampina co-location at Langemark for first commercial plant, and an in-house integrated facility in build",https://www.nopalm-ingredients.com/news/from-protocol-to-production
2026-09-29,Croda – Biotechnology R&T,2026-09-18,Croda opens new global biotechnology R&D centre at Sci-Tech Daresbury,https://www.hpcmagmea.com/2026/09/24/croda-opens-new-biotechnology-rd-labs-at-sci-tech-daresbury/
2026-09-29,CSL,2026-09-17,CSL acknowledges 'disappointing' results and resets strategy after US$2.6B FY26 loss; cost cuts and simplification continue,https://news.google.com/rss/articles/CBMinAFBVV95cUxPVnQ4NzE1VFB1TFR6NE5NR2pXYTRlVGxlVXg2NGR6bDJkamFqSXF4Sl8zXzZDdTA1d1FDYjJaYmhIS1JfMjFMcmFXVDN3ZGFmczVhTWZpTlcwemc1ZEVGYk1VVGk1VTQ2RDNudHVHbmxwXzUybzhmMk5hc2M5ZHh6cHM5alBvR1NxTmNEdlp0THpNd20xdkNRWlVIazc?oc=5
2026-09-29,Enifer,2026-09-16,Commissioning officially starts at Enifer's Kantvik mycoprotein factory,https://enifer.com/commissioning-officially-starts-at-kantvik-factory
2026-09-29,Kerry,2026-09-16,"Kerry Graduate Programme 2027 applications open, including R&D (Biotech Solutions)",https://jobs.kerry.com/gb/en/job/KGUKGRGLOBAL66973EXTERNALENGB
2026-09-29,NIBRT,2026-09-16,Sartorius and NIBRT announce partnership for an intensified and continuous bioprocessing training centre in Dublin,https://www.nibrt.ie/press-release-sartorius-and-nibrt-announce-partnership/
2026-09-29,Debut Biotech,2026-09-15,Debut engineers new biotech ingredient (PNar) targeting hyperpigmentation,https://news.google.com/rss/articles/CBMitwFBVV95cUxQaV9yX19mdkktVzE3VkN3RmxXaUwyekJpYkEtN2NIdWNuVFU0ZnNCenZ6cWV6SFBSYXN6R0Z6WWpaVlNLYk1lbjhSMmdubC1SUEdYT3FYU2k4YUs3ZXhwSVhlVjRvTjFNNW5NV01PMkFHVFVjMmh3YjJOTEpyNEcyVDFwbVpkNXMydWFFWWtLdk00SkNBbnR0RjhTVFU2WVE0M2lBZl9TcGw3WVJWWS1VdEpJYVBPcHc?oc=5
