id,company,role,location,url,fit,status,first_seen,last_seen,closes,starts,notes
amgen-fuel-etrp-rotational-graduate-program-2027-dun-laoghaire-dublin-ireland,Amgen,Fuel ETRP Rotational Graduate Program 2027,"Dun Laoghaire, Dublin, Ireland",https://careers.amgen.com/en/job/dublin/fuel-etrp-rotational-graduate-program-2027/87/100987043376,strong,open,2026-09-29,2026-09-29,2026-10-04,Jul 2027,"Three operations rotations (manufacturing, supply chain, QA, engineering), so manufacturing science rather than R&D. Amgen expects to accept applications until 4 Oct but may close early once it has enough. Shift and weekend work; mobility preferred."
biomarin-2027-3-year-graduate-scientist-program-cork-ireland,BioMarin,2027 3-Year Graduate Scientist Program,"Shanbally, Cork, Ireland",https://www.biomarin.com/job/graduate-scientist/,strong,open,2026-09-29,2026-09-29,2026-10-09,Sep 2027,"Rotations across Manufacturing, Engineering, Technical Development Sciences and Quality; open to MSc graduates of 2026 or 2027. The posting gives the closing date as 'October 9th, 2027', almost certainly a typo for 2026."
gsk-register-your-interest-gsk-graduate-programme-singapore-2027-intake-jurong-singapore,GSK,"Register Your Interest – GSK Graduate Programme, Singapore (2027 Intake)","Jurong, Singapore",https://sg.linkedin.com/jobs/view/register-your-interest-%E2%80%93-gsk-graduate-programme-singapore-2027-intake-at-gsk-4453416475,strong,open,2026-09-29,2026-09-29,,Jul 2027,"Two-year programme for graduates from Jan 2025 to Jul 2027 with a BSc or MSc. No nationality restriction stated. Formal applications open Sep–Nov 2026, so register now. The GSK posting sits under Manufacturing, but the tracks aren't listed; ask about MS&T. Posted about 2 weeks ago. GSK's own link (jobs.gsk.com job 446606) returned 410 today."
kerry-kerry-graduate-programme-2027-research-development-biotech-solutions-ireland-rotatio,Kerry,Kerry Graduate Programme 2027 – Research & Development (Biotech Solutions),"Ireland (rotations may be anywhere in Kerry Europe: IE, UK, NL, FR, ES, IT, DE, PL, DK)",https://jobs.kerry.com/gb/en/job/KGUKGRGLOBAL66973EXTERNALENGB,strong,open,2026-09-29,2026-09-29,,Sep 2027,"2-year rotational R&D programme on permanent contract; exposure to biotechnology, fermentation and enzyme technologies, bench and pilot-scale trials; 2:1 in biochem/microbiology/biotech. Caveat: must be eligible to work permanently in Europe and be internationally mobile (UK/Ireland rights OK; EU rotations may need permits). Posted 16 Sep 2026; no closing date stated"
kerry-kerry-graduate-programme-2027-research-development-biotech-solutions-ireland-leipzig,Kerry,Kerry Graduate Programme 2027 – Research & Development (Biotech Solutions),"Ireland / Leipzig, Germany (rotations across Europe incl. France)",https://jobs.kerry.com/gb/en/job/66973/Kerry-Graduate-Programme-2027-Research-Development-Biotech-Solutions%C2%A0,strong,open,2026-09-29,2026-09-29,2026-10-05,Sep 2027,"Fermentation/biotech R&D graduate rotation with a permanent contract; 2:1 in biotech/microbiology. URGENT: kerry.com pages for Ireland and Germany showed 'filled' on 29 Sep, but gradireland still lists a 5 Oct deadline (https://gradireland.com/jobs/kerry-graduate-programme-2027-research-development-biotech-solutions-leipzig-242905). Needs permanent right to work in the country applied to: Ireland OK via CTA, Germany/France not."
pfizer-grange-castle-2027-pfizer-grange-castle-graduate-programme-grange-castle-dublin-ire,Pfizer – Grange Castle,2027 Pfizer Grange Castle Graduate Programme,"Grange Castle, Dublin, Ireland",https://pfizer.wd1.myworkdayjobs.com/PfizerCareers/job/Ireland---Dublin---Grange-Castle/XMLNAME-2027-Pfizer-Grange-Castle-Graduate-Programme_4964310,strong,open,2026-09-29,2026-09-29,2026-10-18,Sep 2027,"23-month programme with 3 rotations at a biologics manufacturing site; open to Science, Biotech and Engineering graduates (Level 8/9, graduating 2025–27). Must be eligible to work in Ireland (fine under the CTA); no relocation support. Process: aptitude tests, then on-site group exercise and interview."
abbott-abbott-ireland-operations-professional-development-programme-opdp-2027-sligo-donega,Abbott,Abbott Ireland Operations Professional Development Programme (OPDP) 2027,"Sligo, Donegal, Galway, Clonmel, Longford, Cootehill, Kilkenny (Ireland); year 3 outside Europe",https://abbott.wd5.myworkdayjobs.com/abbottcareers/job/Ireland---Finisklin/Abbott-Ireland-Operations-Professional-Development-Programme--OPDP----Ireland_31160814,possible,open,2026-09-29,2026-09-29,2026-10-08,5 Jul 2027,"Three-year operations rotation programme; biotechnology and food science degrees accepted. Caveats: operations-focused (devices, diagnostics, nutrition) rather than bioprocess R&D; the final year is overseas; interviews are rolling, so apply early."
adm-scientist-i-small-scale-fermentation-proteins-decatur-il-usa,ADM,Scientist (I) Small Scale Fermentation – Proteins,"Decatur, IL, USA",https://sjobs.brassring.com/TGnewUI/Search/home/HomeWithPreLoad?partnerid=25416&siteid=5998&PageType=JobDetails&jobid=3386099,possible,open,2026-09-29,2026-09-29,,,Bench-scale fermentation of bacteria/yeast/fungi for protein projects; MSc or BSc with 1–4 yrs; fed-batch preferred. Levels II and III are also posted. Immediate hire; US sponsorship not mentioned. Posted 26 Aug 2026.
adm-scientist-i-benchtop-fermentation-decatur-il-usa,ADM,"Scientist I, Benchtop Fermentation","Decatur, IL, USA",https://sjobs.brassring.com/TGnewUI/Search/home/HomeWithPreLoad?partnerid=25416&siteid=5998&PageType=JobDetails&jobid=3387382,possible,open,2026-09-29,2026-09-29,,,"Near-exact match: 7.5 L fermentation R&D, strain validation, scale-up/scale-down; requires only a Bachelor's. Caveats: immediate hire and US sponsorship not mentioned. Posted 8 Sep 2026."
antheia-lab-operations-and-research-associate-i-singapore,Antheia,Lab Operations and Research Associate I,Singapore,https://job-boards.greenhouse.io/antheia/jobs/4714039006,possible,open,2026-09-29,2026-09-29,,,"Entry-level: yeast transformations, DNA assembly, media and competent cells, 1-2 yrs lab experience (academic counts). About half lab operations. Direct hire now; Singapore work-pass requirements not stated."
antheia-research-associate-ii-dsp-menlo-park-ca-usa,Antheia,"Research Associate II, DSP","Menlo Park, CA, USA",https://job-boards.greenhouse.io/antheia/jobs/4709625006,possible,open,2026-09-29,2026-09-29,,,"Downstream processing unit operations for fermentation-derived molecules; BS + 2 yrs industry experience; USD 80-100k. Direct hire now; sponsorship only asked about, not promised."
biovectra-agilent-r-d-tech-process-development-technician-biologics-charlottetown-pei-cana,BIOVECTRA / Agilent,"R&D Tech (Process Development Technician, Biologics)","Charlottetown, PEI, Canada",https://agilent.wd5.myworkdayjobs.com/en-US/Agilent_Careers/job/Canada-Prince-Edward-Island-Charlottetown/R-D-Tech_4038130-1,possible,open,2026-09-29,2026-09-29,,,"Runs fermentation and purification equipment in PD labs; supports cell banking and pilot plant. Technician level (post-secondary, BSc preferred), CAD 20.37–35.65/hr, rotating shifts. Posted 27 Aug 2026; direct hire."
flagship-pioneering-fl112-research-associate-i-ii-bioprocess-development-cambridge-ma-usa,Flagship Pioneering / FL112,"Research Associate I/II, Bioprocess Development","Cambridge, MA, USA",https://job-boards.greenhouse.io/flagshippioneeringinc/jobs/8797916002,possible,open,2026-09-29,2026-09-29,,,"Bench-scale microbial fermentation, fed-batch, HPLC, recombinant proteins, scale-up: a near-perfect skills match; USD 65-93.5k. Caveats: direct hire now, so best used for a speculative 'available July 2027' approach; application asks about visa sponsorship but doesn't say it is offered."
formo-research-associate-protein-characterization-functionality-all-genders-frankfurt-am-m,Formo,Research Associate – Protein Characterization & Functionality (all genders),"Frankfurt am Main, Germany",https://formofoodsgmbh.recruitee.com/o/research-associate-protein-characterization-functionality-all-genders,possible,open,2026-09-29,2026-09-29,,,"MSc-level RA (biotech/biochem/food science), but protein analytics/functionality rather than fermentation; start date not stated, likely asap; English required, German a plus; no visa support mentioned"
gilead-graduate-associate-development-technical-services-dts-carrigtohill-cork-ireland,Gilead,"Graduate Associate, Development & Technical Services (DTS)","Carrigtohill, Cork, Ireland",https://gilead.wd1.myworkdayjobs.com/gileadcareers/job/Ireland---Cork/Graduate-Associate--Development---Technical-Services--DTS-_R0055147,possible,open,2026-09-29,2026-09-29,,,"Graduate role in technical services: tech transfer, scale-up, process validation, CPV and NPIs; biotechnology BSc or MSc accepted. Caveats: small-molecule pharmaceutical site; start date not stated and may be soon rather than 2027 (posted 22 Sep)."
gsk-analytical-chemistry-graduate-programme-singapore-2027-intake-jurong-singapore,GSK,"Analytical Chemistry Graduate Programme – Singapore, 2027 Intake","Jurong, Singapore",https://gsk.wd5.myworkdayjobs.com/GSKCareers/job/Singapore---Jurong/Analytical-Chemistry-Graduate-Programme---Singapore--2027-Intake_448620,possible,open,2026-09-29,2026-09-29,2026-10-18,Jul 2027,"Good timing (July 2027 start, graduation by June/July 2027) but asks for a Chemistry degree (adjacent field); Singapore work-pass requirements not stated. Assessment Dec 2026/Jan 2027. Sister Chemical Engineering Graduate Programme (448619) same dates but needs ChemEng degree"
gsk-quality-science-graduate-programme-2027-ware-uk,GSK,Quality Science Graduate Programme 2027,"Ware / Barnard Castle, UK",https://gsk.wd5.myworkdayjobs.com/GSKCareers/job/UK---Hertfordshire---Ware/Quality-Science-Graduate-Programme---Ware--UK--2027_448227,possible,open,2026-09-29,2026-09-29,,Sep 2027,"Accepts a master's in microbiology or biochemistry; you must graduate by Aug 2027; two-year rotational manufacturing-quality programme; posted 25 Sep; rolling close, apply early; assessment centres Nov/Dec. Caveat: QC/QA rather than R&D (lower priority), and GSK lets you apply to only ONE UK programme, so weigh it against the R&D programme, which isn't posted yet. Separate postings per site (Barnard Castle: .../Quality-Science-Graduate-Programme---Barnard-Castle--UK--2027_448225)."
gsk-quality-science-graduate-programme-2027-barnard-castle-uk,GSK,Quality Science Graduate Programme 2027,"Barnard Castle, UK",https://gsk.wd5.myworkdayjobs.com/GSKCareers/job/UK---County-Durham---Barnard-Castle/Quality-Science-Graduate-Programme---Barnard-Castle--UK--2027_448225,possible,open,2026-09-29,2026-09-29,,Sep 2027,Same programme as Ware listing; QC/QA focus; biology/microbiology degrees accepted; rolling review
gsk-hamilton-montana-quality-science-graduate-program-hamilton-us-2027-hamilton-mt-usa,"GSK – Hamilton, Montana","Quality Science Graduate Program, Hamilton, US, 2027","Hamilton, MT, USA",https://gsk.wd5.myworkdayjobs.com/GSKCareers/job/USA---Montana---Hamilton/Quality-Science-Graduate-Program--Hamilton--US--2027_447979,possible,open,2026-09-29,2026-09-29,,Sep 2027,Master's in biology/microbiology/biochem; graduate by Aug 2027. QC/analytical focus (less R&D). Rolling close; assessment centres Nov 2026–Feb 2027. Posted 23 Sep 2026. Sponsorship not mentioned. Only one US GSK programme application allowed.
gsk-upper-merion-pennsylvania-manufacturing-operations-graduate-program-upper-merion-us-20,"GSK – Upper Merion, Pennsylvania","Manufacturing Operations Graduate Program, Upper Merion, US, 2027","Upper Merion (King of Prussia), PA, USA",https://gsk.wd5.myworkdayjobs.com/GSKCareers/job/USA---Pennsylvania---King-of-Prussia/Manufacturing-Operations-Graduate-Program--Upper-Merion--US--2027_448033,possible,open,2026-09-29,2026-09-29,,Sep 2027,Biopharm manufacturing site; degrees listed include Biologics & Process Technology and Pharmaceutical Science. Caveat: US work authorisation/sponsorship not stated. Rolling review; assessment centres Nov 2026–Feb 2027; one US GSK programme application only
johnson-johnson-class-of-2027-global-operations-leadership-development-program-europe-gold,Johnson & Johnson,Class of 2027 Global Operations Leadership Development Program – Europe (GOLD),"Leiden / Breda, Netherlands; also Beerse, Geel, Gent (BE), Ringaskiddy, Limerick (IE), Schaffhausen, Zug (CH) and others",https://www.careers.jnj.com/en/jobs/r-096190/class-of-2027-global-operations-leadership-development-program-europe-gold/,possible,open,2026-09-29,2026-09-29,2026-10-11,Summer 2027,"2.5-yr supply-chain/operations rotational programme open to biotech grads; requires permanent EU/Swiss work rights without sponsorship, a hurdle for NL/BE/CH cohorts. The Irish domestic cohort may be reachable via Common Travel Area rights (check). Operations, not R&D. Virtual hiring event late Nov 2026"
kerry-kerry-graduate-programme-2027-research-development-biotech-solutions-germany,Kerry,Kerry Graduate Programme 2027 – Research & Development (Biotech Solutions),Germany,https://jobs.kerry.com/gb/en/job/KGUKGRGLOBAL66974EXTERNALENGB,possible,open,2026-09-29,2026-09-29,,Sep 2027,"German-hosted listing of the same Biotech Solutions R&D programme; needs permanent work eligibility in Europe, so a German base needs a work permit. Prefer the Ireland listing"
kerry-kerry-graduate-programme-2027-research-development-biotech-solutions-naas-kildare-ca,Kerry,Kerry Graduate Programme 2027 – Research & Development (Biotech Solutions),"Leipzig / Frankfurt, Germany (rotations across Europe)",https://gradireland.com/jobs/kerry-graduate-programme-2027-research-development-biotech-solutions-leipzig-242905,possible,open,2026-09-29,2026-09-29,2026-10-05,Sep 2027,"2-year rotational R&D programme for biochem/micro/biotech grads, permanent contract. Caveats: requires eligibility to work permanently in Europe (hurdle for a UK citizen), and Kerry's own posting (jobs.kerry.com job 66974) now says 'filled', so it may already be closed. Check today"
kinisla-kinisla-research-development-graduate-2027-charleville-cork-ireland-uk-and-ireland,Kinisla,Kinisla Research & Development Graduate 2027,"Charleville, Cork, Ireland (UK and Ireland sites)",https://apply.workable.com/kinisla/j/437E17FF48/,possible,open,2026-09-29,2026-09-29,,Sep 2027,"Two-year R&D graduate programme with IMI training; bench and pilot trials on cheese, spreads and fermented dairy; microbiology and biotech degrees accepted. Caveats: dairy product R&D rather than bioprocess; assessment centre in person in the week of 18 Jan 2027; no closing date shown (posted 8 Sep)."
mara-renewables-fermentation-scientist-level-1-dartmouth-ns-canada,Mara Renewables,Fermentation Scientist Level 1,"Dartmouth, NS, Canada",https://theorg.com/org/mara-renewables/jobs/fermentation-scientist-le-f2272f81,possible,open,2026-09-29,2026-09-29,,,"Lab-scale fermentations and pilot-plant support; post-secondary degree plus hands-on microbial cultivation. Still marked hiring on The Org, but the posting date and requirements are unverified (not on a company ATS). Direct hire; Canadian work rights not stated."
melt-marble-unsolicited-application-r-d-gothenburg-sweden,Melt&Marble,Unsolicited Application – R&D,"Gothenburg, Sweden",https://meltandmarble.recruitee.com/o/unsolicited-application-rd,possible,open,2026-09-29,2026-09-29,,,"Precision-fermentation lipids; explicitly seeks metabolic engineering/synbio/fermentation backgrounds (BSc/MSc/PhD), rolling review. Caveat: Sweden/EU work permit is preferred but not mandatory; a speculative route rather than a set vacancy, so pitch 'available from July 2027'."
mushlabs-junior-fermentation-scientist-m-f-d-hamburg-germany,Mushlabs,Junior Fermentation Scientist (m/f/d),"Hamburg, Germany",https://portal.oproma.de/jobs/junior-fermentation-scientist-m-f-d-ID-13570546,possible,open,2026-09-29,2026-09-29,,22 Sep 2026 (asap),"Now Infinite Roots. Exact fit: degree in biotech/microbiology/bioprocess, microbial cultivation, HPLC/enzymatic assays. Re-listed via Bundesagentur für Arbeit on 25 Sep 2026 but not on the company's Personio board; wants someone now, so best used for a speculative 'available July 2027' approach (Personio Open Application: https://infiniteroots.jobs.personio.com/job/2776234?language=en). EU work permit needed; on-site Hamburg"
pfizer-newbridge-2027-pfizer-newbridge-graduate-programme-newbridge-kildare-ireland,Pfizer – Newbridge,2027 Pfizer Newbridge Graduate Programme,"Newbridge, Kildare, Ireland",https://pfizer.wd1.myworkdayjobs.com/PfizerCareers/job/Ireland---Kildare---Newbridge/XMLNAME-2027-Pfizer-Newbridge-Graduate-Programme_4964308-1,possible,open,2026-09-29,2026-09-29,2026-10-18,Sep 2027,"23-month programme with 4 rotations; open to Science and Engineering graduates. Caveats: oral solid dose manufacturing (not biologics or fermentation); hired through CPL, not Pfizer, for the programme; no relocation support."
pfizer-ringaskiddy-2027-graduate-programme-pfizer-ringaskiddy-ringaskiddy-cork-ireland,Pfizer – Ringaskiddy,"2027 Graduate Programme, Pfizer Ringaskiddy","Ringaskiddy, Cork, Ireland",https://pfizer.wd1.myworkdayjobs.com/PfizerCareers/job/Ireland---Cork---Ringaskiddy/XMLNAME-2027-Graduate-Programme--Pfizer-Ringaskiddy_4964049,possible,open,2026-09-29,2026-09-29,2026-10-11,Sep 2027,"23-month programme at the small-molecule API launch and scale-up site, alongside the on-site Global Process Development Centre. Caveat: listed degrees are chemical, electrical, mechanical or instrument engineering, industrial/environmental chemistry or pharmacy; biotech isn't named."
phycus-biotechnologies-research-associate-metabolic-engineering-toronto-on-canada,Phycus Biotechnologies,Research Associate (Metabolic Engineering),"Toronto, ON, Canada",https://www.phycusbio.com/careers,possible,open,2026-09-29,2026-09-29,,,"Master's required; fermentation experience with bacteria/yeast, molecular biology, process modelling. Fits interests 1 and 3, but it's a direct hire now and no posting date is shown, so freshness is unverified. Canadian work authorisation not stated."
polyose-bio-metabolic-engineer-boston-ma-usa,Polyose Bio,Metabolic Engineer,"Boston, MA, USA",https://www.polyosebio.com/metabolic-engineer,possible,open,2026-09-29,2026-09-29,,,"Fermentation, pathway optimisation, FBA/COBRA; MSc accepted but asks 3+ yrs research experience (academic counts). Full-time or internship. Undated listing; sponsorship not mentioned."
polyose-bio-synthetic-biologist-boston-ma-usa,Polyose Bio,Synthetic Biologist,"Boston, MA, USA",https://www.polyosebio.com/synthetic-biologist,possible,open,2026-09-29,2026-09-29,,,"Strain design and screening, genome editing, microbial culture; MSc accepted with 3+ yrs research experience (academic counts). Full-time or internship. Undated listing; sponsorship not mentioned."
richter-biologics-prozessingenieur-m-w-d-biotechnologie-upstream-processing-usp-bovenau-ne,Richter BioLogics,Prozessingenieur (m/w/d) Biotechnologie Upstream Processing (USP),"Bovenau (near Kiel), Germany",https://talents.studysmarter.de/companies/richter-biologics/prozessingenieur-m-w-d-biotechnologie-upstream-processing-usp-37011828/,possible,open,2026-09-29,2026-09-29,,asap,"MSc biotech/process engineering; career entrants with internship/thesis experience welcome; microbial fermentation and harvest under GMP. Caveats: German C1 required, starts immediately, first posted over 30 days ago (BA listing edited ~24 days ago)"
those-vegan-cowboys-research-associate-fermentation-ghent-zwijnaarde-belgium,Those Vegan Cowboys,Research Associate – Fermentation,"Ghent (Zwijnaarde), Belgium",https://thosevegancowboys.com/vacancy/research-associate-fermentation/,possible,open,2026-09-29,2026-09-29,,,"Near-perfect content match: 1–15 L microbial fermentations, scale-up toward 300 L, DSP recovery. BSc/MSc with hands-on lab bioreactor experience (Dasgips/Sartorius). Posted 21 Sep 2026, so likely wants someone soon. Needs a Belgian work permit (no visa support mentioned). Worth a speculative 'available July 2027' approach if not applying now."
20bloc-fermentation-scientist-thousand-oaks-ca-usa,20BLOC,Fermentation Scientist,"Thousand Oaks, CA, USA",https://20bloc.com/jobs/fermentation-scientist/,signal,open,2026-09-29,2026-09-29,,,"BS/MS + 2+ yrs hands-on fermentation; 5 L bench bioreactors, fed-batch, protein recovery; $90–110k; no visa sponsorship (must be US-authorised)"
21st-bio-senior-research-associate-fermentation-not-confirmed,21st.BIO,"Senior Research Associate, Fermentation",Not confirmed,https://www.linkedin.com/jobs/view/senior-research-associate-fermentation-at-21st-bio-4420434692,signal,open,2026-09-29,2026-09-29,,,"(unverified) Seen only in LinkedIn/FoodImpactCareers search results: supports fermentation-lab operations for the precision-fermentation portfolio. Location (Copenhagen or Davis, CA) and date not confirmed. Senior RA suggests several years' experience."
ab-enzymes-senior-fermentation-scientist-m-f-d-darmstadt-germany,AB Enzymes,Senior Fermentation Scientist (m/f/d),"Darmstadt, Germany","https://www.glassdoor.de/job-listing/senior-fermentation-scientist-mfd-ab-enzymes-JV_IC2636034_KO0,33_KE34,44.htm?jl=1010237522369",signal,open,2026-09-29,2026-09-29,,,"Lab-scale fermentation, media optimisation, upstream PD; senior level. Details and currency from search snippet only (unverified); company vacancy list is JS-loaded"
accord-healthcare-research-scientist-downstream-process-development-harrow-london-uk,Accord Healthcare,Research Scientist – Downstream Process Development,"Harrow, London, UK",https://uk.linkedin.com/jobs/view/scientist-downstream-process-development-at-accord-healthcare-4465528144,signal,open,2026-09-29,2026-09-29,,,"Biologics/biosimilar purification PD (ÄKTA, UF/DF, DoE, JMP) with tech transfer. Listed mid-senior and needs hands-on DSP experience; posted ~1 week ago."
adamo-foods-fermentation-scientist-nottingham-uk,Adamo Foods,Fermentation Scientist,"Nottingham, UK",https://www.foodimpactcareers.com/jobs/501529667-fermentation-scientist,signal,open,2026-09-29,2026-09-29,,ASAP,"MSc or PhD accepted; filamentous-fungi fermentation, bioreactors across scales, DoE (JMP/Design-Expert), lab-to-pilot scale-up. Aggregator listing posted ~2 weeks ago with an ASAP start, so timing doesn't fit; otherwise a close match, so a speculative approach is worth making. Apply via andrew@adamofoods.com per older listing (unverified)."
adm-scientist-1-enzyme-downstream-processing-decatur-il-usa,ADM,Scientist 1 Enzyme Downstream Processing,"Decatur, IL, USA",https://sjobs.brassring.com/TGnewUI/Search/home/HomeWithPreLoad?partnerid=25416&siteid=5998&PageType=JobDetails&jobid=3388348,signal,open,2026-09-29,2026-09-29,,,"BSc/MSc; requires lab-scale enzyme DSP experience (clarification, filtration, UF/DF). Posted 15 Sep 2026. Along with the Strain Development Scientist III and Bacterial/Fungal Genetic Engineer III roles, shows Decatur is growing its biotech R&D."
amgen-process-development-senior-associate-drug-product-thousand-oaks-ca-usa,Amgen,Process Development Senior Associate (Drug Product),"Thousand Oaks, CA, USA",https://amgen.wd1.myworkdayjobs.com/Careers/job/US---California---Thousand-Oaks/Process-Development-Senior-Associate_R-253434,signal,open,2026-09-29,2026-09-29,,,"A Master's meets the basic qualification, but the role is drug-product formulation/fill-finish PD (adjacent). Immediate hire; 'sponsorship for this role is not guaranteed'. Posted 21 Sep 2026."
arzeda-scientist-protein-testing-seattle-wa-usa,Arzeda,"Scientist, Protein Testing","Seattle, WA, USA",https://arzeda.applytojob.com/apply/ol8Q99JmE1/Scientist-Protein-Testing,signal,open,2026-09-29,2026-09-29,,,Enzyme assay development and protein purification; needs a PhD + 1 yr or MSc + ~6 yrs. Explicitly no visa sponsorship or relocation.
astrazeneca-scientist-high-throughput-antibody-production-cambridge-ma-usa,AstraZeneca,"Scientist, High Throughput Antibody Production","Cambridge, MA, USA",https://astrazeneca.wd3.myworkdayjobs.com/Careers/job/US---Cambridge-Kendall-SQ---MA/Scientist--High-Throughput-Antibody-Production_R-260639,signal,open,2026-09-29,2026-09-29,2026-10-10,,Master's plus 1+ yr in high-throughput protein/antibody expression and purification. Immediate hire; US sponsorship not stated. Posted 25 Sep 2026.
bioagilytix-scientist-virology-1-year-fixed-term-melbourne-vic-australia,BioAgilytix,"Scientist (Virology, 1 Year Fixed-Term)","Melbourne, VIC, Australia",https://jobs.lever.co/bioagilytix/3ef05bdc-c9d5-43da-9be2-e1bfd0a40f9d,signal,open,2026-09-29,2026-09-29,2026-09-30,,"360biolabs CRO; BSc (Hons) essential, virology/tissue-culture assay experience required; AU/NZ residents with Australian work rights only; closes tomorrow. Shows the lab is hiring, not applicable now"
bioweg-r-d-scientist-strain-engineering-microbial-fermentation-all-genders-osnabr-ck-area-,BIOWEG,R&D Scientist – Strain Engineering & Microbial Fermentation (All Genders),"Osnabrück area (Quakenbrück), Germany",https://bioweg.jobs.personio.de/job/2700550?language=en,signal,open,2026-09-29,2026-09-29,,,"Core interests (strain + fermentation optimisation, lab/pilot scale, HPLC), but MSc needs 4+ years' industrial fermentation experience. English working language. Shows active R&D fermentation hiring ahead of new plant"
bioweg-senior-fermentation-specialist-all-genders-osnabr-ck-area-quakenbr-ck-germany,BIOWEG,Senior Fermentation Specialist (All Genders),"Osnabrück area (Quakenbrück), Germany",https://bioweg.jobs.personio.de/job/2732690?language=en,signal,open,2026-09-29,2026-09-29,,,5+ years' industrial fermentation operations; production scale-up hiring signal
bluestem-biosciences-fermentation-technician-demonstration-facility-south-sioux-city-ne-us,Bluestem Biosciences,Fermentation Technician (Demonstration Facility),"South Sioux City, NE, USA",https://bluestem-biosciences.breezy.hr/p/a80bca314af6-fermentation-technician,signal,open,2026-09-29,2026-09-29,,,Operate lab- and demo-scale fermenters; 2+ yrs biochemical manufacturing experience; sponsorship not mentioned. Open Application route also live: https://bluestem-biosciences.breezy.hr/p/2f4da5081fb7-open-application-future-opportunities
bmc-ingredients-the-better-meat-co-senior-fermentation-operations-specialist-west-sacramen,BMC Ingredients / The Better Meat Co.,Senior Fermentation Operations Specialist,"West Sacramento, CA, USA",https://www.linkedin.com/jobs/view/4465162264/,signal,open,2026-09-29,2026-09-29,,,Posted ~2 weeks ago; USP/DSP operations for Rhiza mycoprotein; BSc + 2–3 yrs pilot/demo fermentation ops; $70.5–80k; sponsorship not stated
boston-bioprocess-contract-bioprocess-associate-champaign-il-usa,Boston Bioprocess,Contract Bioprocess Associate,"Champaign, IL, USA",https://app.rippling.com/open-jobs/jobs/e03f8e54-d063-4605-b749-99b388110337,signal,open,2026-09-29,2026-09-29,,,"Listed on Rippling board; job detail page failed to load, so requirements unknown. Contract, US-based"
boston-institute-of-biotechnology-fermentation-scientist-sr-scientist-upstream-process-dev,Boston Institute of Biotechnology,Fermentation Scientist / Sr. Scientist – Upstream Process Development,"Southborough, MA, USA",https://bostonbib.com/bib-careers/fermentation-scientist-sr-scientist-usp/,signal,open,2026-09-29,2026-09-29,,,Senior-level USP role at microbial CDMO; details and date not read (unverified)
capra-biosciences-intern-bioreactor-technician-sterling-va-usa,Capra Biosciences,Intern / Bioreactor Technician,"Sterling, VA, USA",https://www.caprabiosciences.com/careers.html,signal,open,2026-09-29,2026-09-29,,,"Hands-on reactor running, media prep and DSP workups for undergrads or recent grads, no experience needed. Technician/intern level, on-site now, US work rights needed; good opening for a speculative scientist approach."
chinova-bioworks-research-scientist-product-development-innovation-fredericton-nb-canada,Chinova Bioworks,Research Scientist – Product Development & Innovation,"Fredericton, NB, Canada",https://www.chinovabioworks.com/careers,signal,open,2026-09-29,2026-09-29,,,"Posted 13 Aug 2026; requirements not visible on the careers page. Chitosan-based natural preservatives (adjacent). Company accepts CVs for future roles via a Google Form, so an early-2027 speculative approach is an option."
codexis-research-associate-iv-attribute-sciences-eco-process-development-redwood-city-ca-u,Codexis,"Research Associate IV, Attribute Sciences (ECO Process Development)","Redwood City, CA, USA",https://codexis.pinpointhq.com/en/postings/dda4e074-6bbb-452e-a7b6-fcd965b5282f,signal,open,2026-09-29,2026-09-29,,,Senior RA level (USD 110-125k); posting lists no requirements. Shows process-development hiring; the register-your-interest route is open.
croda-biotechnology-r-t-research-scientist-biotechnology-fermentation-daresbury-uk,Croda – Biotechnology R&T,"Research Scientist (Biotechnology, fermentation)","Daresbury, UK",https://uk.linkedin.com/jobs/view/research-scientist-at-croda-4468901764,signal,open,2026-09-29,2026-09-29,,,"Entry-level on LinkedIn, degree in biotech/biochem/bioprocess; fermentation, process development and scale-up support at the new Daresbury biotech centre. Posted ~23 Sep and wants someone now, so treat it as a strong hiring signal and a basis for a speculative approach. 129+ applicants already."
cultivarium-scientist-cell-free-systems-london-uk,Cultivarium,"Scientist, Cell-Free Systems","London, UK",https://uk.linkedin.com/jobs/view/scientist-cell-free-systems-at-cultivarium-4444745485,signal,open,2026-09-29,2026-09-29,,,"PhD required; mid-senior; non-model organism synbio. Posted ~2 months ago, still accepting on LinkedIn. Shows the London team is hiring."
cysbio-dsp-scientist-cb26dsp-dtu-science-park-h-rsholm-denmark,Cysbio,DSP Scientist (CB26DSP),"DTU Science Park, Hørsholm, Denmark",https://cysbio.com/careers/cb26dsp/,signal,open,2026-09-29,2026-09-29,2026-09-30,,"PhD/MSc plus 1–2 years' downstream purification experience (crystallisation, membrane filtration). Closes tomorrow and is adjacent to core interests. Shows Cysbio is hiring; speculative route via careers@cysbio.com."
debut-biotech-research-associate-fermentation-san-diego-ca-usa-hybrid,Debut Biotech,"Research Associate, Fermentation","San Diego, CA, USA (hybrid)",https://www.linkedin.com/jobs/view/research-associate-fermentation-at-debut-4423048052,signal,open,2026-09-29,2026-09-29,,,"Bench-scale bioreactor operation, small-molecule fermentation with engineered organisms; $21–26.44/hr. LinkedIn shows it posted ~3 months ago, so it may be stale; no own careers page found. Sponsorship not mentioned"
dsm-firmenich-scientist-downstream-processing-columbia-md-usa,dsm-firmenich,Scientist Downstream Processing,"Columbia, MD, USA",https://jobs.dsm-firmenich.com/careers/job/562949978392451,signal,open,2026-09-29,2026-09-29,,,Posted 2026-08-26 on careers API; requirements not read (unverified). US site so sponsorship is the constraint; no NL/CH fermentation R&D roles currently open
enduro-genetics-research-scientist-synthetic-biology-copenhagen-denmark,Enduro Genetics,Research Scientist – Synthetic Biology,"Copenhagen, Denmark",https://www.enduro.bio/,signal,open,2026-09-29,2026-09-29,,,Listed on the company site alongside 'Project lead in microbial strain engineering'; requirements and dates unverified (the jobs subpage wouldn't load). Likely more senior than MSc. Enduro explicitly welcomes unsolicited fermentation and molecular-biology applications.
every-process-engineer-ii-downstream-process-development-san-francisco-ca-usa,EVERY,Process Engineer II (Downstream Process Development),"San Francisco, CA, USA",https://job-boards.greenhouse.io/theeverycompany/jobs/6199477004,signal,open,2026-09-29,2026-09-29,,,"Posted 17 Sep 2026; DSP (TFF, depth filtration, chromatography, spray drying) and tech transfer to pilot/CMO; needs BS + 3 years' industry experience. Shows EVERY is growing its process-development team"
flagship-pioneering-portfolio-senior-research-associate-strain-engineering-cambridge-ma-us,Flagship Pioneering portfolio,"Senior Research Associate, Strain Engineering","Cambridge, MA, USA",https://job-boards.greenhouse.io/flagshippioneeringinc/jobs/8797877002,signal,open,2026-09-29,2026-09-29,,,"MSc + 3-5 yrs; DNA assembly, strain screening in E. coli/Bacillus/yeast/fungi; USD 81-107k. Posted alongside the FL112 bioprocess RA, so the same new company is building a microbial team."
fooditive-fermentation-bioprocess-r-d-intern-msc-hbo-rotterdam-netherlands,Fooditive,Fermentation & Bioprocess R&D Intern (MSc/HBO),"Rotterdam, Netherlands",https://nl.linkedin.com/jobs/view/fermentation-bioprocess-r-d-intern-msc-hbo-rotterdam-at-fooditive-group-4470682598,signal,open,2026-09-29,2026-09-29,,Oct 2026 or sooner,"Recombinant protein expression/fermentation/DSP internship, posted ~5 days ago; only for students at Dutch/EU institutions already living in NL, no visa support. Shows active fermentation R&D team"
future-fields-biomanufacturing-homogenization-and-clarification-specialist-edmonton-ab-can,Future Fields,Biomanufacturing Homogenization and Clarification Specialist,"Edmonton, AB, Canada",https://futurefields.applytojobs.ca/biomanufacturing/49992,signal,open,2026-09-29,2026-09-29,,,Scale-up of midstream/DSP from pilot to production; 5+ yrs. Must be authorised to work in Canada; no sponsorship. Posted 10 Aug 2026. Shows the company is scaling up manufacturing.
genscript-research-associate-protein-sciences-singapore,GenScript,Research Associate (Protein Sciences),Singapore,https://sg.linkedin.com/jobs/view/research-associate-protein-sciences-at-genscript-4460966037,signal,open,2026-09-29,2026-09-29,,,"Posted about 5 days ago. Needs a Diploma or BSc plus 1+ yr in antibody production, process development or tech services. Work covers protein purification (affinity, IEX, SEC), SDS-PAGE/Western and BLI/SPR. It's a direct hire now, so it counts as a hiring signal for a speculative 'available July 2027' approach. Work-pass terms not stated."
gilead-quality-assurance-graduate-programme-2027-intake-carrigtohill-cork-ireland,Gilead,Quality Assurance Graduate Programme (2027 intake),"Carrigtohill, Cork, Ireland",https://gilead.wd1.myworkdayjobs.com/gileadcareers/job/Ireland---Cork/Quality-Assurance-Graduate-Programme_R0054289,signal,open,2026-09-29,2026-09-29,2026-10-09,Sep 2027,Two-year QA rotational programme. Blocker: applicants must already live in County Cork. QA is also a lower-priority area. Shows Gilead Cork runs 2027 graduate intakes.
ginkgo-bioworks-hts-scientist-boston-ma-usa,Ginkgo Bioworks,HTS Scientist,"Boston, MA, USA",https://job-boards.greenhouse.io/ginkgobioworks/jobs/5179478007,signal,open,2026-09-29,2026-09-29,,,Needs 3 yrs industry HTS/automation experience; USD 70.8-106.1k; last updated 6 Jul 2026.
grifols-manufacturing-operations-support-specialist-filling-purification-grange-castle-dub,Grifols,Manufacturing Operations Support Specialist – Filling/Purification,"Grange Castle, Dublin, Ireland",https://jobsearch.grifols.com/job/Dublin-Manufacturing-Operations-Support-Specialist-FillingPurification/1434898833/,signal,open,2026-09-29,2026-09-29,,,"Plasma purification and filling ops support (deviations, CAPAs, change control); wants 1–2 years' GMP experience; permanent, starts now. Posted 8 Sep."
gsk-chemical-engineering-msat-graduate-programme-2027-ware-uk,GSK,Chemical Engineering (MSAT) Graduate Programme 2027,"Ware / Irvine, UK",https://gsk.wd5.myworkdayjobs.com/GSKCareers/job/UK---Hertfordshire---Ware/Chemical-Engineering--MSAT--Graduate-Programme---Ware--UK--2027_448223,signal,open,2026-09-29,2026-09-29,,Sep 2027,"MSAT is relevant, but it requires a Chemical Engineering or IChemE-accredited degree, so it's likely ineligible. Rolling close; posted 25 Sep. Irvine posting: .../Chemical-Engineering--MSAT--Graduate-Programme---Irvine--UK--2027_448221."
gsk-high-throughput-protein-production-scientist-stevenage-uk-moving-to-cambridge-by-2029,GSK,High Throughput Protein Production Scientist,"Stevenage, UK (moving to Cambridge by ~2029)",https://gsk.wd5.myworkdayjobs.com/GSKCareers/job/UK---Hertfordshire---Stevenage/High-Throughput-Protein-Production-Scientist_445814-1,signal,open,2026-09-29,2026-09-29,2026-09-30,,"Recombinant protein expression/purification in bacterial, yeast or mammalian systems, plus automation. Asks for 'extensive experience'; closes tomorrow. Shows the protein-sciences team is hiring."
gsk-register-your-interest-gsk-graduate-programmes-2027-belgium-wavre-belgium,GSK,"Register Your Interest – GSK Graduate Programmes 2027, Belgium","Wavre, Belgium",https://gsk.wd5.myworkdayjobs.com/GSKCareers/job/Belgium-Wavre/Register-Your-Interest---GSK-Graduate-Programmes-2027--Belgium_435428,signal,open,2026-09-29,2026-09-29,,Sep 2027,"Vaccines R&D/manufacturing hub; vacancies to open Sep–Nov 2026 for Sep 2027 start. Register to be alerted; Belgian work permit would be needed. Similar register-interest page for Germany (Marburg, 435426)"
kedrion-biopharma-uk-bioprocessing-scientist-elstree-uk,Kedrion Biopharma UK,Bioprocessing Scientist,"Elstree, UK",https://uk.linkedin.com/jobs/view/bioprocessing-scientist-at-kedrion-biopharma-uk-4468993667,signal,open,2026-09-29,2026-09-29,,,"Explicitly entry-level (relevant degree plus university lab experience); Manufacturing Science Development R&D, protein purification. Posted ~24 Sep with an all-day assessment on 19 Oct 2026, so it's an immediate hire. Good speculative target for July 2027."
kinva-bio-fermentation-scientist-haverhill-uk,Kinva Bio,Fermentation Scientist,"Haverhill, UK",https://kinva.bio/jobs,signal,open,2026-09-29,2026-09-29,,1 Oct 2026 (ideal),"£36–42k; building in-house benchtop fermentation, strain optimisation, DSP and scale-up; senior candidates also considered. Details from search snippets only (unverified); the jobs page renders with JavaScript and I couldn't confirm the posting date or whether it's still open. Immediate start, so treat as a signal for a speculative approach."
lallemand-corporate-r-d-switzerland-research-scientist-fermentation-bioprocess-development,Lallemand – Corporate R&D Switzerland,"Research Scientist, Fermentation & Bioprocess Development","Reinach BL (Basel area), Switzerland",https://careers.lallemand.com/job-postings/details/2305-research-scientist-fermentation-bioprocess-development,signal,open,2026-09-29,2026-09-29,,,"USP development for microbial biomass/enzymes. Needs MSc + 2 years (or BSc + 5) and a valid Swiss work/residence permit (blocker). Posted ~3 weeks ago on LinkedIn, 200+ applicants (https://ch.linkedin.com/jobs/view/research-scientist-fermentation-bioprocess-development-at-lallemand-4453704660)"
lanzatech-scientist-gas-fermentation-skokie-il-usa,LanzaTech,Scientist (gas fermentation),"Skokie, IL, USA",https://lanzatech.com/careers/,signal,open,2026-09-29,2026-09-29,,,"MSc + 2 yrs; CSTR gas fermentation, flow cytometry, Python. Ad format (job code 000062, apply via IllinoisJobLink or by mail) suggests a labour-certification posting for an existing hire, so it shows team activity rather than a genuine opening."
locus-fermentation-solutions-laboratory-technician-process-development-fermentation-solon-,Locus Fermentation Solutions,"Laboratory Technician, Process Development Fermentation","Solon, OH, USA",https://workforcenow.adp.com/mascsr/default/mdf/recruitment/recruitment.html?cid=e3285a4f-c0ce-4bad-94be-1e7e9771dfef&ccId=19000101_000001&jobId=9201224965823_1&lang=en_US,signal,open,2026-09-29,2026-09-29,,,"Posted 2026-09-08. Hands-on bench and pilot bioreactors, seed cultures, batch/fed-batch; technician level, immediate start, US sponsorship not mentioned"
msd-merck-bioprocess-associate-drug-substance-dundalk-louth-ireland,MSD / Merck,Bioprocess Associate – Drug Substance,"Dundalk, Louth, Ireland",https://msd.wd5.myworkdayjobs.com/SearchJobs/job/IRL---Louth-County---Dundalk/Tech-Operations_R414146,signal,open,2026-09-29,2026-09-29,2026-09-30,,"Single-use USP/DSP drug substance manufacturing (inoculation, bioreactors, purification) at MSD's Dundalk biologics start-up. Direct hire starting now, shift work, closes 30 Sep. Shows Dundalk biologics is hiring for speculative approaches."
nutropy-bioprocessing-fermentation-scientist-lead-vry-courcouronnes-genopole-france,Nutropy,Bioprocessing / Fermentation Scientist – Lead,"Évry-Courcouronnes (Genopole), France",https://www.genopole.fr/campus/offre-genopole/nutropy-scientist-bioprocessing-lead/,signal,open,2026-09-29,2026-09-29,,,Needs 5+ yrs bioreactor fermentation; permanent (CDI). Posted 10 Jul 2026. Shows the precision-fermentation casein team is growing; an EU work permit would be needed.
pfizer-senior-associate-scientist-process-development-early-bioprocess-development-vaccine,Pfizer,"Senior Associate Scientist – Process Development (Early Bioprocess Development, Vaccines)","Pearl River, NY, USA",https://pfizer.wd1.myworkdayjobs.com/PfizerCareers/job/United-States---New-York---Pearl-River/Senior-Associate-Scientist---Process-Development_4962746-1,signal,open,2026-09-29,2026-09-29,,,MSc with 0–3 yrs; cell line development and fermentation for protein subunit vaccines. Posting explicitly says no US visa sponsorship now or in future. Posted 7 Sep 2026.
primrose-bio-temporary-senior-research-associate-process-development-san-diego-ca-usa,Primrose Bio,Temporary Senior Research Associate – Process Development,"San Diego, CA, USA",https://www.linkedin.com/jobs/view/senior-research-associate-at-primrose-bio-4469617064,signal,open,2026-09-29,2026-09-29,,,"3–6 month temp contract posted ~3 days ago; fermentation, AKTA/FPLC protein purification; $32–40/hr; not on company careers page"
regeneron-temp-associate-process-scientist-process-sciences-lab-raheen-limerick-ireland,Regeneron,Temp – Associate Process Scientist (Process Sciences Lab),"Raheen, Limerick, Ireland",https://regeneron.wd1.myworkdayjobs.com/Careers/job/Limerick/Temp---Associate-Process-Scientist_R50805,signal,open,2026-09-29,2026-09-29,,,"12-month contract; BSc/MSc in biotech or biochemistry accepted with no experience at associate level. Lab support for process investigations and validation. Starts now, so a hiring signal for Process Sciences Limerick."
regeneron-temp-process-science-associate-manufacturing-support-raheen-limerick-ireland,Regeneron,"Temp – Process Science Associate, Manufacturing Support","Raheen, Limerick, Ireland",https://regeneron.wd1.myworkdayjobs.com/Careers/job/Limerick/Temp---Process-Science-Associate-Manufacturing-Support_R50683,signal,open,2026-09-29,2026-09-29,,,"Temporary role supporting commercial biologics manufacturing: process monitoring, OOS/OOL investigations, tech transfer. Starts now; experience requirement not checked."
signalchem-biotech-sino-biological-research-scientist-richmond-bc-canada,SignalChem Biotech / Sino Biological,Research Scientist,"Richmond, BC, Canada",https://ca.linkedin.com/jobs/view/research-scientist-at-signalchem-biotech-inc-4462553748,signal,open,2026-09-29,2026-09-29,,,"Yeast expression, fermentation and protein purification; asks for 3+ yrs recombinant protein production, PhD preferred; from CAD 70k. Still accepting applications on LinkedIn."
sophia-cdmo-fungal-fermentation-scientist-mycelium-enzymes-precision-fermentation-spain-sw,Sophia CDMO,"Fungal Fermentation Scientist — Mycelium, Enzymes & Precision Fermentation",Spain / Switzerland / Hybrid Europe,https://www.sophiacdmo.com/careers/,signal,open,2026-09-29,2026-09-29,,,Wants 3–10+ years' fermentation experience (filamentous fungi preferred); EUR 70–110k; apply via info@sophiacdmo.com; no permit support mentioned
southern-rna-analytical-process-development-rolling-expression-of-interest-southport-eight,Southern RNA,Analytical & Process Development (rolling expression of interest),"Southport / Eight Mile Plains, QLD, Australia",https://southernrna.com.au/careers/analytical-process-development/,signal,open,2026-09-29,2026-09-29,,,"mRNA CDMO; rolling EOI, not a dated vacancy. Wants hands-on RNA experience; work-rights terms not stated. Good route for a speculative 'available July 2027' approach on process development"
southern-rna-r-d-scientist-rolling-expression-of-interest-southport-eight-mile-plains-qld-,Southern RNA,R&D Scientist (rolling expression of interest),"Southport / Eight Mile Plains, QLD, Australia",https://southernrna.com.au/careers/research-development/,signal,open,2026-09-29,2026-09-29,,,"Molecular biology degree plus RNA/nucleic-acid workflow experience; GMP not required. Rolling EOI, no deadline"
sunflower-therapeutics-research-associate-strain-creation-and-fermentation-medford-ma-usa,Sunflower Therapeutics,"Research Associate, Strain Creation and Fermentation","Medford, MA, USA",https://sunflowertx.com/join-us/research-associate-strain-creation-and-fermentation/,signal,open,2026-09-29,2026-09-29,,Sep 2026,"Excellent skills match (yeast strain engineering, cloning, fermentation, BSc + 1–2 yrs) but posting states a Sept 2026 start and sponsorship is not mentioned; good grounds for a speculative 'available July 2027' email to careers@sunflowertx.com"
the-every-company-research-associate-i-protein-science-analytics-san-francisco-ca-usa,The EVERY Company,Research Associate I (Protein Science & Analytics),"San Francisco, CA, USA",https://job-boards.greenhouse.io/theeverycompany/jobs/5745371004,signal,open,2026-09-29,2026-09-29,,,"Entry-level (BSc, some lab experience), $75–85k; SDS-PAGE/BCA, HPLC/FPLC, bench DSP (MF/UF/DF) for precision-fermented proteins. Direct hire now; first posted Dec 2025, updated Aug 2026 and still live; US sponsorship not mentioned"
the-protein-brewery-fermentation-scientist-breda-netherlands,The Protein Brewery,Fermentation Scientist,"Breda, Netherlands",https://www.theproteinbrewery.com/fermentationscientist,signal,open,2026-09-29,2026-09-29,,,"MSc biotech + R&D fermentation experience (aerobic/fungal/continuous), lab & pilot plant; requires fluent Dutch and English; no visa info. Posting date not shown"
thermo-fisher-scientific-field-application-scientist-upstream-bioprocessing-remote-ireland,Thermo Fisher Scientific,Field Application Scientist – Upstream BioProcessing,"Remote, Ireland / UK",https://thermofisher.wd5.myworkdayjobs.com/ThermoFisherCareers/job/Remote-Ireland/Scientist-III--Field-Applications_R-01360588-1,signal,open,2026-09-29,2026-09-29,,,"Customer-facing upstream expert (single-use bioreactors, cell culture, perfusion); needs 5+ years' experience. Not applicable now."
wuxi-biologics-bioprocess-associate-dundalk-louth-ireland,WuXi Biologics,Bioprocess Associate,"Dundalk, Louth, Ireland",https://ie.linkedin.com/jobs/view/bioprocess-associate-at-wuxi-biologics-4469723958,signal,open,2026-09-29,2026-09-29,,,"Large-scale drug substance USP/DSP manufacturing; wants at least 1 year of cGMP manufacturing experience. Starts now. Several related Dundalk postings the same week (Bioprocessing Associate, Senior Bioprocess Associate) show active scale-up hiring. Found on LinkedIn; own job board wouldn't load."
wuxi-biologics-msat-senior-scientist-ups-technical-services-dundalk-louth-ireland,WuXi Biologics,MSAT Senior Scientist – UPS Technical Services,"Dundalk, Louth, Ireland",https://ie.linkedin.com/jobs/view/msat-senior-scientist-ups-technical-services-at-wuxi-biologics-4471504992,signal,open,2026-09-29,2026-09-29,,,"Upstream MSAT (cell culture, tech transfer); needs 6+ years' experience. Shows the upstream MSAT team is growing."
